{
    "root_group": {
        "name": "",
        "path": "",
        "id": "d41d8cd98f00b204e9800998ecf8427e",
        "groups": {},
        "checks": {
                "redirect 301/302": {
                    "name": "redirect 301/302",
                    "path": "::redirect 301/302",
                    "id": "2359d9a578d845d82aecf24825521ebb",
                    "passes": 3000,
                    "fails": 0
                },
                "has Location": {
                    "name": "has Location",
                    "path": "::has Location",
                    "id": "ca3a9f03d8b94b8fc8cefe9d385db707",
                    "passes": 3000,
                    "fails": 0
                },
                "shorten 200/201 (or 429 if enabled)": {
                    "path": "::shorten 200/201 (or 429 if enabled)",
                    "id": "93d7a81b7b546b7ef95277bf2d6606ba",
                    "passes": 31,
                    "fails": 0,
                    "name": "shorten 200/201 (or 429 if enabled)"
                }
            }
    },
    "metrics": {
        "http_req_sending": {
            "med": 0.038602,
            "max": 0.162234,
            "p(90)": 0.060133,
            "p(95)": 0.07178899999999999,
            "avg": 0.04263901418673703,
            "min": 0.022942
        },
        "http_req_waiting": {
            "p(95)": 43.8756745,
            "avg": 35.765776993401566,
            "min": 25.446162,
            "med": 33.857577,
            "max": 314.091869,
            "p(90)": 39.914623
        },
        "data_sent": {
            "rate": 17655.32619866665,
            "count": 530714
        },
        "iteration_duration": {
            "p(90)": 44.578015,
            "p(95)": 52.6289205,
            "avg": 38.024314770042956,
            "min": 27.686931,
            "med": 35.246541,
            "max": 315.357945
        },
        "http_reqs": {
            "count": 3031,
            "rate": 100.832640006027
        },
        "http_req_blocked": {
            "avg": 0.8687029666776575,
            "min": 0.000191,
            "med": 0.000301,
            "max": 101.742017,
            "p(90)": 0.000461,
            "p(95)": 9.990185499999999
        },
        "http_req_failed": {
            "fails": 3031,
            "passes": 0,
            "thresholds": {
                "rate<0.01": false
            },
            "value": 0
        },
        "http_req_receiving": {
            "avg": 0.03656882876938305,
            "min": 0.0216,
            "med": 0.032861,
            "max": 4.015997,
            "p(90)": 0.045725,
            "p(95)": 0.053268499999999996
        },
        "http_req_duration{expected_response:true}": {
            "p(90)": 39.995034,
            "p(95)": 43.9621215,
            "avg": 35.84498483635768,
            "min": 25.511102,
            "med": 33.933996,
            "max": 314.152383
        },
        "http_req_duration": {
            "avg": 35.84498483635768,
            "min": 25.511102,
            "med": 33.933996,
            "max": 314.152383,
            "p(90)": 39.995034,
            "p(95)": 43.9621215,
            "thresholds": {
                "p(95)<150": false,
                "p(99)<300": false
            }
        },
        "data_received": {
            "count": 2128640,
            "rate": 70813.72181538414
        },
        "vus": {
            "value": 4,
            "min": 3,
            "max": 8
        },
        "vus_max": {
            "value": 250,
            "min": 250,
            "max": 250
        },
        "http_req_connecting": {
            "med": 0,
            "max": 5.526617,
            "p(90)": 0,
            "p(95)": 2.116362,
            "avg": 0.18044757934675024,
            "min": 0
        },
        "http_req_tls_handshaking": {
            "min": 0,
            "med": 0,
            "max": 17.794888,
            "p(90)": 0,
            "p(95)": 7.674545999999999,
            "avg": 0.6522363107885185
        },
        "rate_limited_rate": {
            "passes": 0,
            "fails": 31,
            "thresholds": {
                "rate<0.01": false
            },
            "value": 0
        },
        "checks": {
            "passes": 6031,
            "fails": 0,
            "value": 1
        },
        "iterations": {
            "rate": 100.832640006027,
            "count": 3031
        }
    }
}