{
    "root_group": {
        "path": "",
        "id": "d41d8cd98f00b204e9800998ecf8427e",
        "groups": {},
        "checks": {
                "redirect 301/302": {
                    "name": "redirect 301/302",
                    "path": "::redirect 301/302",
                    "id": "2359d9a578d845d82aecf24825521ebb",
                    "passes": 3001,
                    "fails": 0
                },
                "has Location": {
                    "name": "has Location",
                    "path": "::has Location",
                    "id": "ca3a9f03d8b94b8fc8cefe9d385db707",
                    "passes": 3001,
                    "fails": 0
                },
                "shorten 200/201 (or 429 if enabled)": {
                    "id": "93d7a81b7b546b7ef95277bf2d6606ba",
                    "passes": 31,
                    "fails": 0,
                    "name": "shorten 200/201 (or 429 if enabled)",
                    "path": "::shorten 200/201 (or 429 if enabled)"
                }
            },
        "name": ""
    },
    "metrics": {
        "http_req_duration{expected_response:true}": {
            "avg": 48.795456880606714,
            "min": 38.640614,
            "med": 46.5443105,
            "max": 221.316834,
            "p(90)": 52.8679853,
            "p(95)": 56.184118749999996,
            "p(99)": 126.13162110000025
        },
        "http_req_tls_handshaking": {
            "avg": 0.6567585554089709,
            "min": 0,
            "med": 0,
            "max": 17.902086,
            "p(90)": 0,
            "p(95)": 7.839396849999999,
            "p(99)": 10.514091780000005
        },
        "http_req_failed": {
            "passes": 0,
            "fails": 3032,
            "thresholds": {
                "rate<0.01": false
            },
            "value": 0
        },
        "checks": {
            "passes": 6033,
            "fails": 0,
            "value": 1
        },
        "http_req_sending": {
            "p(95)": 0.09433245,
            "p(99)": 0.12264819000000002,
            "avg": 0.05556859630606862,
            "min": 0.027021,
            "med": 0.050061,
            "max": 0.269618,
            "p(90)": 0.078958
        },
        "http_req_duration": {
            "avg": 48.795456880606714,
            "min": 38.640614,
            "med": 46.5443105,
            "max": 221.316834,
            "p(90)": 52.8679853,
            "p(95)": 56.184118749999996,
            "p(99)": 126.13162110000025,
            "thresholds": {
                "p(95)<150": false,
                "p(99)<300": false
            }
        },
        "http_reqs": {
            "count": 3032,
            "rate": 100.84534136907187
        },
        "iteration_duration": {
            "p(90)": 58.50782620000002,
            "p(95)": 68.05393219999996,
            "p(99)": 127.52014210000023,
            "avg": 51.132732969327265,
            "min": 39.832757,
            "med": 47.9078305,
            "max": 345.44607
        },
        "vus_max": {
            "min": 250,
            "max": 250,
            "value": 250
        },
        "http_req_waiting": {
            "avg": 48.68619101879939,
            "min": 38.560833,
            "med": 46.4383205,
            "max": 221.144083,
            "p(90)": 52.75284,
            "p(95)": 56.004951199999994,
            "p(99)": 126.03777836000025
        },
        "http_req_receiving": {
            "avg": 0.05369726550131931,
            "min": 0.022525,
            "med": 0.043195,
            "max": 5.879781,
            "p(90)": 0.062256000000000006,
            "p(95)": 0.06891054999999999,
            "p(99)": 0.09043830000000004
        },
        "data_received": {
            "count": 2128520,
            "rate": 70795.2922199528
        },
        "http_req_blocked": {
            "p(95)": 10.908402699999995,
            "p(99)": 16.12025476000001,
            "avg": 0.9920857170184623,
            "min": 0.00017,
            "med": 0.000291,
            "max": 121.956318,
            "p(90)": 0.000551
        },
        "iterations": {
            "count": 3032,
            "rate": 100.84534136907187
        },
        "http_req_connecting": {
            "avg": 0.2898939624010555,
            "min": 0,
            "med": 0,
            "max": 18.328114,
            "p(90)": 0,
            "p(95)": 2.6253340999999994,
            "p(99)": 5.426321890000004
        },
        "rate_limited_rate": {
            "passes": 0,
            "fails": 31,
            "thresholds": {
                "rate<0.01": false
            },
            "value": 0
        },
        "vus": {
            "value": 5,
            "min": 4,
            "max": 9
        },
        "data_sent": {
            "count": 530664,
            "rate": 17650.06340114682
        }
    }
}