{
    "root_group": {
        "name": "",
        "path": "",
        "id": "d41d8cd98f00b204e9800998ecf8427e",
        "groups": {},
        "checks": {
                "redirect 301/302": {
                    "name": "redirect 301/302",
                    "path": "::redirect 301/302",
                    "id": "2359d9a578d845d82aecf24825521ebb",
                    "passes": 3001,
                    "fails": 0
                },
                "has Location": {
                    "name": "has Location",
                    "path": "::has Location",
                    "id": "ca3a9f03d8b94b8fc8cefe9d385db707",
                    "passes": 3001,
                    "fails": 0
                },
                "shorten 200/201 (or 429 if enabled)": {
                    "path": "::shorten 200/201 (or 429 if enabled)",
                    "id": "93d7a81b7b546b7ef95277bf2d6606ba",
                    "passes": 31,
                    "fails": 0,
                    "name": "shorten 200/201 (or 429 if enabled)"
                }
            }
    },
    "metrics": {
        "http_req_tls_handshaking": {
            "p(99)": 9.56160753,
            "avg": 0.6398499003957784,
            "min": 0,
            "med": 0,
            "max": 50.747052,
            "p(90)": 0,
            "p(95)": 7.707950849999999
        },
        "http_req_receiving": {
            "med": 0.0410165,
            "max": 5.249965,
            "p(90)": 0.060863,
            "p(95)": 0.0688105,
            "p(99)": 0.09084540000000003,
            "avg": 0.045924642810026256,
            "min": 0.022501
        },
        "data_sent": {
            "count": 530618,
            "rate": 17653.892442006258
        },
        "vus": {
            "max": 6,
            "value": 4,
            "min": 4
        },
        "iteration_duration": {
            "max": 1284.329684,
            "p(90)": 54.01047990000001,
            "p(95)": 61.83130669999998,
            "p(99)": 97.11111465,
            "avg": 47.443104017150354,
            "min": 36.207925,
            "med": 43.9741285
        },
        "rate_limited_rate": {
            "fails": 31,
            "passes": 0,
            "thresholds": {
                "rate<0.01": false
            },
            "value": 0
        },
        "http_req_sending": {
            "p(90)": 0.07169890000000001,
            "p(95)": 0.08553654999999999,
            "p(99)": 0.11759640000000002,
            "avg": 0.050061343337730754,
            "min": 0.024987,
            "med": 0.045454999999999995,
            "max": 0.19854
        },
        "http_req_blocked": {
            "p(99)": 12.47024897,
            "avg": 0.880738445580473,
            "min": 0.00021,
            "med": 0.000301,
            "max": 115.649957,
            "p(90)": 0.000541,
            "p(95)": 10.098389299999997
        },
        "data_received": {
            "count": 2120120,
            "rate": 70537.3177015222
        },
        "iterations": {
            "count": 3032,
            "rate": 100.87596328085925
        },
        "http_req_failed": {
            "passes": 0,
            "fails": 3032,
            "thresholds": {
                "rate<0.01": false
            },
            "value": 0
        },
        "checks": {
            "passes": 6033,
            "fails": 0,
            "value": 1
        },
        "http_reqs": {
            "count": 3032,
            "rate": 100.87596328085925
        },
        "http_req_connecting": {
            "min": 0,
            "med": 0,
            "max": 51.856577,
            "p(90)": 0,
            "p(95)": 2.1898203999999986,
            "p(99)": 2.905892360000002,
            "avg": 0.199092694591029
        },
        "http_req_duration": {
            "min": 34.939375,
            "med": 42.6931085,
            "max": 1283.116626,
            "p(90)": 48.5560922,
            "p(95)": 51.0912866,
            "p(99)": 92.23997493,
            "avg": 45.2410100082453,
            "thresholds": {
                "p(95)<150": false,
                "p(99)<300": false
            }
        },
        "http_req_duration{expected_response:true}": {
            "min": 34.939375,
            "med": 42.6931085,
            "max": 1283.116626,
            "p(90)": 48.5560922,
            "p(95)": 51.0912866,
            "p(99)": 92.23997493,
            "avg": 45.2410100082453
        },
        "http_req_waiting": {
            "med": 42.613364000000004,
            "max": 1283.025054,
            "p(90)": 48.4410521,
            "p(95)": 50.8916038,
            "p(99)": 92.06542113,
            "avg": 45.14502402209764,
            "min": 34.807168
        },
        "vus_max": {
            "value": 250,
            "min": 250,
            "max": 250
        }
    }
}