{
    "metrics": {
        "http_req_failed": {
            "fails": 3030,
            "passes": 0,
            "thresholds": {
                "rate<0.01": false
            },
            "value": 0
        },
        "http_req_connecting": {
            "avg": 0.1525631904290429,
            "min": 0,
            "med": 0,
            "max": 8.828244,
            "p(90)": 0,
            "p(95)": 1.786101149999999
        },
        "http_req_tls_handshaking": {
            "min": 0,
            "med": 0,
            "max": 17.145821,
            "p(90)": 0,
            "p(95)": 6.756465549999994,
            "avg": 0.561096302310231
        },
        "http_req_sending": {
            "p(95)": 0.06764154999999991,
            "avg": 0.04015270924092409,
            "min": 0.022833,
            "med": 0.036689,
            "max": 0.500023,
            "p(90)": 0.055407
        },
        "http_req_receiving": {
            "p(90)": 0.045008,
            "p(95)": 0.05261564999999994,
            "avg": 0.03718550198019797,
            "min": 0.017523,
            "med": 0.0329265,
            "max": 5.467321
        },
        "iteration_duration": {
            "med": 88.51428100000001,
            "max": 266.6839,
            "p(90)": 94.648239,
            "p(95)": 101.99269179999997,
            "avg": 90.71117923762381,
            "min": 84.919147
        },
        "http_reqs": {
            "count": 3030,
            "rate": 100.7356047650529
        },
        "http_req_blocked": {
            "p(90)": 0.000461,
            "p(95)": 8.775114799999995,
            "avg": 0.7261329438943902,
            "min": 0.00019,
            "med": 0.000281,
            "max": 26.051671
        },
        "checks": {
            "passes": 6030,
            "fails": 0,
            "value": 1
        },
        "data_received": {
            "rate": 70157.16233128728,
            "count": 2110239
        },
        "http_req_duration": {
            "p(90)": 91.82265939999999,
            "p(95)": 93.5827453,
            "avg": 88.7134495409238,
            "min": 83.700308,
            "med": 87.24813850000001,
            "max": 238.329947,
            "thresholds": {
                "p(95)<150": false,
                "p(99)<300": false
            }
        },
        "data_sent": {
            "count": 528888,
            "rate": 17583.449680851252
        },
        "rate_limited_rate": {
            "passes": 0,
            "fails": 30,
            "thresholds": {
                "rate<0.01": false
            },
            "value": 0
        },
        "vus": {
            "value": 9,
            "min": 8,
            "max": 11
        },
        "http_req_waiting": {
            "p(90)": 91.7268501,
            "p(95)": 93.4780343,
            "avg": 88.63611132970311,
            "min": 83.634535,
            "med": 87.178901,
            "max": 238.176019
        },
        "vus_max": {
            "min": 250,
            "max": 250,
            "value": 250
        },
        "http_req_duration{expected_response:true}": {
            "avg": 88.7134495409238,
            "min": 83.700308,
            "med": 87.24813850000001,
            "max": 238.329947,
            "p(90)": 91.82265939999999,
            "p(95)": 93.5827453
        },
        "iterations": {
            "count": 3030,
            "rate": 100.7356047650529
        }
    },
    "root_group": {
        "name": "",
        "path": "",
        "id": "d41d8cd98f00b204e9800998ecf8427e",
        "groups": {},
        "checks": {
                "redirect 301/302": {
                    "path": "::redirect 301/302",
                    "id": "2359d9a578d845d82aecf24825521ebb",
                    "passes": 3000,
                    "fails": 0,
                    "name": "redirect 301/302"
                },
                "has Location": {
                    "name": "has Location",
                    "path": "::has Location",
                    "id": "ca3a9f03d8b94b8fc8cefe9d385db707",
                    "passes": 3000,
                    "fails": 0
                },
                "shorten 200/201 (or 429 if enabled)": {
                    "passes": 30,
                    "fails": 0,
                    "name": "shorten 200/201 (or 429 if enabled)",
                    "path": "::shorten 200/201 (or 429 if enabled)",
                    "id": "93d7a81b7b546b7ef95277bf2d6606ba"
                }
            }
    }
}