{
    "metrics": {
        "data_received": {
            "count": 2111997,
            "rate": 70174.1786468896
        },
        "http_req_failed": {
            "fails": 3031,
            "passes": 0,
            "thresholds": {
                "rate<0.01": false
            },
            "value": 0
        },
        "vus": {
            "value": 9,
            "min": 9,
            "max": 11
        },
        "iterations": {
            "count": 3031,
            "rate": 100.70939280629773
        },
        "vus_max": {
            "value": 250,
            "min": 250,
            "max": 250
        },
        "http_reqs": {
            "count": 3031,
            "rate": 100.70939280629773
        },
        "http_req_waiting": {
            "min": 83.001124,
            "med": 86.952121,
            "max": 372.089384,
            "p(90)": 91.417114,
            "p(95)": 93.19552250000001,
            "avg": 88.07331275024762
        },
        "http_req_tls_handshaking": {
            "med": 0,
            "max": 20.345753,
            "p(90)": 0,
            "p(95)": 6.305464000000001,
            "avg": 0.5171762477730122,
            "min": 0
        },
        "checks": {
            "passes": 6032,
            "fails": 0,
            "value": 1
        },
        "iteration_duration": {
            "max": 402.357731,
            "p(90)": 94.492686,
            "p(95)": 100.359091,
            "avg": 90.1037233632463,
            "min": 84.315296,
            "med": 88.282141
        },
        "data_sent": {
            "count": 528858,
            "rate": 17572.0778821356
        },
        "http_req_connecting": {
            "med": 0,
            "max": 12.258294,
            "p(90)": 0,
            "p(95)": 1.540909,
            "avg": 0.1419821088749587,
            "min": 0
        },
        "http_req_duration": {
            "p(90)": 91.497017,
            "p(95)": 93.2578515,
            "avg": 88.14683847377113,
            "min": 83.07878,
            "med": 87.020615,
            "max": 372.71141,
            "thresholds": {
                "p(95)<150": false,
                "p(99)<300": false
            }
        },
        "http_req_blocked": {
            "med": 0.00028,
            "max": 27.652662,
            "p(90)": 0.00043,
            "p(95)": 7.897116499999999,
            "avg": 0.6719009838337264,
            "min": 0.00018
        },
        "http_req_sending": {
            "avg": 0.03952683536786539,
            "min": 0.022221,
            "med": 0.036629,
            "max": 0.297467,
            "p(90)": 0.052989,
            "p(95)": 0.061526
        },
        "http_req_receiving": {
            "avg": 0.033998888155724175,
            "min": 0.02155,
            "med": 0.031941,
            "max": 0.504787,
            "p(90)": 0.043141,
            "p(95)": 0.048617499999999994
        },
        "http_req_duration{expected_response:true}": {
            "min": 83.07878,
            "med": 87.020615,
            "max": 372.71141,
            "p(90)": 91.497017,
            "p(95)": 93.2578515,
            "avg": 88.14683847377113
        },
        "rate_limited_rate": {
            "passes": 0,
            "fails": 30,
            "thresholds": {
                "rate<0.01": false
            },
            "value": 0
        }
    },
    "root_group": {
        "name": "",
        "path": "",
        "id": "d41d8cd98f00b204e9800998ecf8427e",
        "groups": {},
        "checks": {
                "redirect 301/302": {
                    "name": "redirect 301/302",
                    "path": "::redirect 301/302",
                    "id": "2359d9a578d845d82aecf24825521ebb",
                    "passes": 3001,
                    "fails": 0
                },
                "has Location": {
                    "id": "ca3a9f03d8b94b8fc8cefe9d385db707",
                    "passes": 3001,
                    "fails": 0,
                    "name": "has Location",
                    "path": "::has Location"
                },
                "shorten 200/201 (or 429 if enabled)": {
                    "path": "::shorten 200/201 (or 429 if enabled)",
                    "id": "93d7a81b7b546b7ef95277bf2d6606ba",
                    "passes": 30,
                    "fails": 0,
                    "name": "shorten 200/201 (or 429 if enabled)"
                }
            }
    }
}