{
    "metrics": {
        "vus": {
            "max": 11,
            "value": 9,
            "min": 8
        },
        "rate_limited_rate": {
            "passes": 0,
            "fails": 30,
            "thresholds": {
                "rate<0.01": false
            },
            "value": 0
        },
        "http_req_failed": {
            "fails": 3030,
            "passes": 0,
            "thresholds": {
                "rate<0.01": false
            },
            "value": 0
        },
        "http_req_waiting": {
            "p(95)": 93.55978845,
            "p(99)": 100.2654131,
            "avg": 88.68106691584167,
            "min": 80.529267,
            "med": 87.073967,
            "max": 346.48921,
            "p(90)": 91.9053117
        },
        "http_req_duration": {
            "p(95)": 93.67359729999998,
            "p(99)": 100.40014075,
            "avg": 88.77952069009899,
            "min": 80.607693,
            "med": 87.1632965,
            "max": 346.666603,
            "p(90)": 92.0139157,
            "thresholds": {
                "p(95)<150": false,
                "p(99)<300": false
            }
        },
        "checks": {
            "passes": 6030,
            "fails": 0,
            "value": 1
        },
        "http_req_blocked": {
            "p(90)": 0.0005419999999999991,
            "p(95)": 8.878850899999998,
            "p(99)": 11.638633930000003,
            "avg": 0.8249878264026334,
            "min": 0.00018,
            "med": 0.0003,
            "max": 214.34002
        },
        "iteration_duration": {
            "p(99)": 112.05617747000002,
            "avg": 90.93645167359735,
            "min": 81.908938,
            "med": 88.476497,
            "max": 429.036929,
            "p(90)": 94.9336338,
            "p(95)": 101.99674189999996
        },
        "vus_max": {
            "value": 250,
            "min": 250,
            "max": 250
        },
        "http_reqs": {
            "count": 3030,
            "rate": 100.71444456696251
        },
        "data_received": {
            "count": 2113048,
            "rate": 70235.79394829406
        },
        "http_req_sending": {
            "avg": 0.05141527590759066,
            "min": 0.025808,
            "med": 0.045876,
            "max": 0.187211,
            "p(90)": 0.07425199999999998,
            "p(95)": 0.09164554999999999,
            "p(99)": 0.12004502000000003
        },
        "http_req_duration{expected_response:true}": {
            "avg": 88.77952069009899,
            "min": 80.607693,
            "med": 87.1632965,
            "max": 346.666603,
            "p(90)": 92.0139157,
            "p(95)": 93.67359729999998,
            "p(99)": 100.40014075
        },
        "http_req_receiving": {
            "p(90)": 0.06363239999999999,
            "p(95)": 0.07103595,
            "p(99)": 0.08897443000000001,
            "avg": 0.04703849834983497,
            "min": 0.025257,
            "med": 0.044093,
            "max": 0.270057
        },
        "http_req_connecting": {
            "avg": 0.15596916105610564,
            "min": 0,
            "med": 0,
            "max": 6.631889,
            "p(90)": 0,
            "p(95)": 1.7884578999999972,
            "p(99)": 2.4164496800000004
        },
        "data_sent": {
            "count": 528875,
            "rate": 17579.32404962122
        },
        "iterations": {
            "count": 3030,
            "rate": 100.71444456696251
        },
        "http_req_tls_handshaking": {
            "p(99)": 8.85759988,
            "avg": 0.6358890940594059,
            "min": 0,
            "med": 0,
            "max": 212.367383,
            "p(90)": 0,
            "p(95)": 6.873662799999999
        }
    },
    "root_group": {
        "name": "",
        "path": "",
        "id": "d41d8cd98f00b204e9800998ecf8427e",
        "groups": {},
        "checks": {
                "redirect 301/302": {
                    "fails": 0,
                    "name": "redirect 301/302",
                    "path": "::redirect 301/302",
                    "id": "2359d9a578d845d82aecf24825521ebb",
                    "passes": 3000
                },
                "has Location": {
                    "name": "has Location",
                    "path": "::has Location",
                    "id": "ca3a9f03d8b94b8fc8cefe9d385db707",
                    "passes": 3000,
                    "fails": 0
                },
                "shorten 200/201 (or 429 if enabled)": {
                    "fails": 0,
                    "name": "shorten 200/201 (or 429 if enabled)",
                    "path": "::shorten 200/201 (or 429 if enabled)",
                    "id": "93d7a81b7b546b7ef95277bf2d6606ba",
                    "passes": 30
                }
            }
    }
}