{
    "root_group": {
        "groups": {},
        "checks": {
                "redirect 301/302": {
                    "fails": 0,
                    "name": "redirect 301/302",
                    "path": "::redirect 301/302",
                    "id": "2359d9a578d845d82aecf24825521ebb",
                    "passes": 3001
                },
                "has Location": {
                    "name": "has Location",
                    "path": "::has Location",
                    "id": "ca3a9f03d8b94b8fc8cefe9d385db707",
                    "passes": 3001,
                    "fails": 0
                },
                "shorten 200/201 (or 429 if enabled)": {
                    "passes": 30,
                    "fails": 0,
                    "name": "shorten 200/201 (or 429 if enabled)",
                    "path": "::shorten 200/201 (or 429 if enabled)",
                    "id": "93d7a81b7b546b7ef95277bf2d6606ba"
                }
            },
        "name": "",
        "path": "",
        "id": "d41d8cd98f00b204e9800998ecf8427e"
    },
    "metrics": {
        "vus_max": {
            "max": 250,
            "value": 250,
            "min": 250
        },
        "iteration_duration": {
            "avg": 105.77593736159687,
            "min": 97.320799,
            "med": 102.686214,
            "max": 339.48646,
            "p(90)": 109.746498,
            "p(95)": 129.88922150000002
        },
        "rate_limited_rate": {
            "passes": 0,
            "fails": 30,
            "thresholds": {
                "rate<0.01": false
            },
            "value": 0
        },
        "http_reqs": {
            "count": 3031,
            "rate": 100.67918053951772
        },
        "data_received": {
            "count": 2116894,
            "rate": 70315.78792775382
        },
        "http_req_duration{expected_response:true}": {
            "p(95)": 108.45596699999999,
            "avg": 102.563551501155,
            "min": 96.043242,
            "med": 101.381394,
            "max": 278.143633,
            "p(90)": 106.047794
        },
        "http_req_failed": {
            "passes": 0,
            "fails": 3031,
            "thresholds": {
                "rate<0.01": false
            },
            "value": 0
        },
        "http_req_waiting": {
            "avg": 102.45974197195663,
            "min": 95.965627,
            "med": 101.280327,
            "max": 277.935022,
            "p(90)": 105.94798,
            "p(95)": 108.33990299999999
        },
        "vus": {
            "value": 11,
            "min": 10,
            "max": 14
        },
        "http_req_tls_handshaking": {
            "p(95)": 14.3972505,
            "avg": 1.162336539755857,
            "min": 0,
            "med": 0,
            "max": 33.206237,
            "p(90)": 0
        },
        "http_req_duration": {
            "med": 101.381394,
            "max": 278.143633,
            "p(90)": 106.047794,
            "p(95)": 108.45596699999999,
            "avg": 102.563551501155,
            "min": 96.043242,
            "thresholds": {
                "p(95)<150": false,
                "p(99)<300": false
            }
        },
        "data_sent": {
            "count": 528747,
            "rate": 17563.119324555715
        },
        "http_req_sending": {
            "avg": 0.05637128901352695,
            "min": 0.026129,
            "med": 0.050675,
            "max": 0.26196,
            "p(90)": 0.083236,
            "p(95)": 0.1050615
        },
        "iterations": {
            "count": 3031,
            "rate": 100.67918053951772
        },
        "checks": {
            "passes": 6032,
            "fails": 0,
            "value": 1
        },
        "http_req_connecting": {
            "p(95)": 8.6892375,
            "avg": 0.6762715051138238,
            "min": 0,
            "med": 0,
            "max": 10.982189,
            "p(90)": 0
        },
        "http_req_blocked": {
            "med": 0.000301,
            "max": 59.984748,
            "p(90)": 0.000661,
            "p(95)": 23.383293000000002,
            "avg": 1.8608626374133768,
            "min": 0.00019
        },
        "http_req_receiving": {
            "p(90)": 0.06548,
            "p(95)": 0.073708,
            "avg": 0.0474382401847575,
            "min": 0.024426,
            "med": 0.043883,
            "max": 1.283137
        }
    }
}