{
    "root_group": {
        "name": "",
        "path": "",
        "id": "d41d8cd98f00b204e9800998ecf8427e",
        "groups": {},
        "checks": {
                "redirect 301/302": {
                    "id": "2359d9a578d845d82aecf24825521ebb",
                    "passes": 6001,
                    "fails": 0,
                    "name": "redirect 301/302",
                    "path": "::redirect 301/302"
                },
                "has Location": {
                    "name": "has Location",
                    "path": "::has Location",
                    "id": "ca3a9f03d8b94b8fc8cefe9d385db707",
                    "passes": 6001,
                    "fails": 0
                }
            }
    },
    "metrics": {
        "http_req_failed": {
            "passes": 0,
            "fails": 6001,
            "thresholds": {
                "rate<0.01": false
            },
            "value": 0
        },
        "http_req_tls_handshaking": {
            "max": 40.526035,
            "p(90)": 0,
            "p(95)": 0,
            "avg": 0.27571177753707726,
            "min": 0,
            "med": 0
        },
        "http_req_receiving": {
            "max": 0.371235,
            "p(90)": 0.058891,
            "p(95)": 0.066345,
            "avg": 0.042264780703216126,
            "min": 0.02153,
            "med": 0.039264
        },
        "data_received": {
            "count": 2517263,
            "rate": 83612.40197830934
        },
        "http_req_blocked": {
            "avg": 0.4752706983835983,
            "min": 0.00016,
            "med": 0.000281,
            "max": 77.717807,
            "p(90)": 0.000411,
            "p(95)": 0.00051
        },
        "http_req_connecting": {
            "max": 15.321272,
            "p(90)": 0,
            "p(95)": 0,
            "avg": 0.15744231261456426,
            "min": 0,
            "med": 0
        },
        "vus_max": {
            "min": 100,
            "max": 100,
            "value": 100
        },
        "iterations": {
            "count": 6001,
            "rate": 199.32681816394805
        },
        "vus": {
            "value": 20,
            "min": 20,
            "max": 22
        },
        "http_req_waiting": {
            "avg": 104.72897885035812,
            "min": 95.961138,
            "med": 103.330737,
            "max": 314.744879,
            "p(90)": 107.175273,
            "p(95)": 108.727671
        },
        "data_sent": {
            "count": 413717,
            "rate": 13741.858561962023
        },
        "http_req_duration{expected_response:true}": {
            "med": 103.415373,
            "max": 314.841553,
            "p(90)": 107.260293,
            "p(95)": 108.810956,
            "avg": 104.81677607965317,
            "min": 96.059378
        },
        "checks": {
            "passes": 12002,
            "fails": 0,
            "value": 1
        },
        "http_reqs": {
            "count": 6001,
            "rate": 199.32681816394805
        },
        "http_req_duration": {
            "min": 96.059378,
            "med": 103.415373,
            "max": 314.841553,
            "p(90)": 107.260293,
            "p(95)": 108.810956,
            "avg": 104.81677607965317,
            "thresholds": {
                "p(95)<150": false,
                "p(99)<300": false
            }
        },
        "iteration_duration": {
            "p(90)": 108.754346,
            "p(95)": 110.751881,
            "avg": 106.66061264039355,
            "min": 97.624832,
            "med": 104.769921,
            "max": 346.84271
        },
        "http_req_sending": {
            "p(90)": 0.060793,
            "p(95)": 0.068368,
            "avg": 0.04553244859190174,
            "min": 0.025438,
            "med": 0.042549,
            "max": 0.211702
        }
    }
}