{
    "metrics": {
        "data_received": {
            "count": 2521459,
            "rate": 83926.4895934625
        },
        "checks": {
            "passes": 12002,
            "fails": 0,
            "value": 1
        },
        "iteration_duration": {
            "p(95)": 47.303087,
            "avg": 42.21041795384096,
            "min": 33.765239,
            "med": 41.402016,
            "max": 204.458171,
            "p(90)": 45.533708
        },
        "vus_max": {
            "value": 100,
            "min": 100,
            "max": 100
        },
        "http_req_blocked": {
            "p(95)": 0.000451,
            "avg": 0.3563779903349374,
            "min": 0.000181,
            "med": 0.00029,
            "max": 57.811546,
            "p(90)": 0.000391
        },
        "http_req_tls_handshaking": {
            "p(95)": 0,
            "avg": 0.2213215699050159,
            "min": 0,
            "med": 0,
            "max": 27.783526,
            "p(90)": 0
        },
        "http_req_duration{expected_response:true}": {
            "avg": 40.48120980686561,
            "min": 32.514342,
            "med": 40.052906,
            "max": 202.267653,
            "p(90)": 43.966719,
            "p(95)": 45.444707
        },
        "http_req_waiting": {
            "avg": 40.40247388401944,
            "min": 32.37989,
            "med": 39.968332,
            "max": 202.212351,
            "p(90)": 43.890052,
            "p(95)": 45.365881
        },
        "http_reqs": {
            "count": 6001,
            "rate": 199.74263474058807
        },
        "data_sent": {
            "rate": 13780.244703602088,
            "count": 414009
        },
        "http_req_duration": {
            "p(90)": 43.966719,
            "p(95)": 45.444707,
            "avg": 40.48120980686561,
            "min": 32.514342,
            "med": 40.052906,
            "max": 202.267653,
            "thresholds": {
                "p(95)<150": false,
                "p(99)<300": false
            }
        },
        "http_req_receiving": {
            "p(95)": 0.060292,
            "avg": 0.038194846358940014,
            "min": 0.018665,
            "med": 0.035295,
            "max": 0.660401,
            "p(90)": 0.053399
        },
        "iterations": {
            "count": 6001,
            "rate": 199.74263474058807
        },
        "http_req_failed": {
            "passes": 0,
            "fails": 6001,
            "thresholds": {
                "rate<0.01": false
            },
            "value": 0
        },
        "http_req_connecting": {
            "p(90)": 0,
            "p(95)": 0,
            "avg": 0.10629488935177468,
            "min": 0,
            "med": 0,
            "max": 10.374205
        },
        "vus": {
            "min": 7,
            "max": 9,
            "value": 9
        },
        "http_req_sending": {
            "p(95)": 0.062116,
            "avg": 0.04054107648725212,
            "min": 0.022922,
            "med": 0.038782,
            "max": 0.297674,
            "p(90)": 0.054522
        }
    },
    "root_group": {
        "id": "d41d8cd98f00b204e9800998ecf8427e",
        "groups": {},
        "checks": {
                "redirect 301/302": {
                    "id": "2359d9a578d845d82aecf24825521ebb",
                    "passes": 6001,
                    "fails": 0,
                    "name": "redirect 301/302",
                    "path": "::redirect 301/302"
                },
                "has Location": {
                    "name": "has Location",
                    "path": "::has Location",
                    "id": "ca3a9f03d8b94b8fc8cefe9d385db707",
                    "passes": 6001,
                    "fails": 0
                }
            },
        "name": "",
        "path": ""
    }
}