{
    "metrics": {
        "iteration_duration": {
            "avg": 92.47819174237638,
            "min": 84.958593,
            "med": 90.539767,
            "max": 326.313553,
            "p(90)": 94.365258,
            "p(95)": 96.605751
        },
        "vus_max": {
            "value": 100,
            "min": 100,
            "max": 100
        },
        "http_reqs": {
            "count": 6001,
            "rate": 199.44986416997116
        },
        "http_req_receiving": {
            "min": 0.018033,
            "med": 0.031187,
            "max": 0.197345,
            "p(90)": 0.046589,
            "p(95)": 0.0543,
            "avg": 0.03394654790868181
        },
        "http_req_sending": {
            "min": 0.022051,
            "med": 0.036007,
            "max": 0.314152,
            "p(90)": 0.048359,
            "p(95)": 0.054862,
            "avg": 0.037415127145475714
        },
        "http_req_waiting": {
            "min": 83.562602,
            "med": 89.155195,
            "max": 289.165131,
            "p(90)": 92.761276,
            "p(95)": 94.538267,
            "avg": 90.8435745162471
        },
        "http_req_duration": {
            "p(90)": 92.831576,
            "p(95)": 94.627634,
            "avg": 90.9149361913017,
            "min": 83.630287,
            "med": 89.232119,
            "max": 289.296291,
            "thresholds": {
                "p(95)<150": false,
                "p(99)<300": false
            }
        },
        "http_req_blocked": {
            "avg": 0.1884003509415186,
            "min": 0.00017,
            "med": 0.000271,
            "max": 42.656759,
            "p(90)": 0.000381,
            "p(95)": 0.000441
        },
        "iterations": {
            "rate": 199.44986416997116,
            "count": 6001
        },
        "http_req_connecting": {
            "avg": 0.03827501683052824,
            "min": 0,
            "med": 0,
            "max": 7.72921,
            "p(90)": 0,
            "p(95)": 0
        },
        "http_req_failed": {
            "passes": 0,
            "fails": 6001,
            "thresholds": {
                "rate<0.01": false
            },
            "value": 0
        },
        "http_req_tls_handshaking": {
            "avg": 0.13166019730044992,
            "min": 0,
            "med": 0,
            "max": 17.640003,
            "p(90)": 0,
            "p(95)": 0
        },
        "checks": {
            "passes": 12002,
            "fails": 0,
            "value": 1
        },
        "data_received": {
            "count": 2513774,
            "rate": 83548.0557997009
        },
        "http_req_duration{expected_response:true}": {
            "avg": 90.9149361913017,
            "min": 83.630287,
            "med": 89.232119,
            "max": 289.296291,
            "p(90)": 92.831576,
            "p(95)": 94.627634
        },
        "vus": {
            "value": 18,
            "min": 17,
            "max": 20
        },
        "data_sent": {
            "count": 413874,
            "rate": 13755.559587315887
        }
    },
    "root_group": {
        "name": "",
        "path": "",
        "id": "d41d8cd98f00b204e9800998ecf8427e",
        "groups": {},
        "checks": {
                "redirect 301/302": {
                    "name": "redirect 301/302",
                    "path": "::redirect 301/302",
                    "id": "2359d9a578d845d82aecf24825521ebb",
                    "passes": 6001,
                    "fails": 0
                },
                "has Location": {
                    "passes": 6001,
                    "fails": 0,
                    "name": "has Location",
                    "path": "::has Location",
                    "id": "ca3a9f03d8b94b8fc8cefe9d385db707"
                }
            }
    }
}