{
    "metrics": {
        "iterations": {
            "count": 6001,
            "rate": 199.43483391064257
        },
        "http_req_tls_handshaking": {
            "max": 24.115026,
            "p(90)": 0,
            "p(95)": 0,
            "p(99)": 7.622221,
            "avg": 0.1594919690051658,
            "min": 0,
            "med": 0
        },
        "data_sent": {
            "count": 413675,
            "rate": 13747.909501413942
        },
        "http_req_blocked": {
            "max": 91.611484,
            "p(90)": 0.000391,
            "p(95)": 0.00046,
            "p(99)": 10.182605,
            "avg": 0.31641440693218853,
            "min": 0.00018,
            "med": 0.000281
        },
        "http_reqs": {
            "count": 6001,
            "rate": 199.43483391064257
        },
        "iteration_duration": {
            "avg": 92.86631886368973,
            "min": 84.53322,
            "med": 91.208135,
            "max": 333.074041,
            "p(90)": 94.971708,
            "p(95)": 96.730909,
            "p(99)": 114.534887
        },
        "http_req_duration{expected_response:true}": {
            "min": 82.581703,
            "med": 89.811293,
            "max": 239.140693,
            "p(90)": 93.384682,
            "p(95)": 94.829012,
            "p(99)": 106.93588,
            "avg": 91.14488380286608
        },
        "data_received": {
            "count": 2506661,
            "rate": 83305.36913935764
        },
        "checks": {
            "passes": 12002,
            "fails": 0,
            "value": 1
        },
        "http_req_waiting": {
            "avg": 91.06582814597574,
            "min": 82.50003,
            "med": 89.718257,
            "max": 239.045659,
            "p(90)": 93.306608,
            "p(95)": 94.750951,
            "p(99)": 106.834124
        },
        "http_req_receiving": {
            "p(95)": 0.059367,
            "p(99)": 0.074149,
            "avg": 0.0381792697883687,
            "min": 0.021941,
            "med": 0.035156,
            "max": 0.302748,
            "p(90)": 0.05293
        },
        "vus": {
            "value": 18,
            "min": 18,
            "max": 19
        },
        "http_req_connecting": {
            "min": 0,
            "med": 0,
            "max": 5.925558,
            "p(90)": 0,
            "p(95)": 0,
            "p(99)": 2.11318,
            "avg": 0.04308033644392601
        },
        "http_req_duration": {
            "max": 239.140693,
            "p(90)": 93.384682,
            "p(95)": 94.829012,
            "p(99)": 106.93588,
            "avg": 91.14488380286608,
            "min": 82.581703,
            "med": 89.811293,
            "thresholds": {
                "p(95)<150": false,
                "p(99)<300": false
            }
        },
        "http_req_failed": {
            "fails": 6001,
            "passes": 0,
            "thresholds": {
                "rate<0.01": false
            },
            "value": 0
        },
        "http_req_sending": {
            "avg": 0.040876387102149796,
            "min": 0.024515,
            "med": 0.038752,
            "max": 0.205414,
            "p(90)": 0.053871,
            "p(95)": 0.061135,
            "p(99)": 0.079288
        },
        "vus_max": {
            "value": 100,
            "min": 100,
            "max": 100
        }
    },
    "root_group": {
        "checks": {
            "redirect 301/302": {
                "passes": 6001,
                "fails": 0,
                "name": "redirect 301/302",
                "path": "::redirect 301/302",
                "id": "2359d9a578d845d82aecf24825521ebb"
            },
            "has Location": {
                "id": "ca3a9f03d8b94b8fc8cefe9d385db707",
                "passes": 6001,
                "fails": 0,
                "name": "has Location",
                "path": "::has Location"
            }
        },
        "name": "",
        "path": "",
        "id": "d41d8cd98f00b204e9800998ecf8427e",
        "groups": {}
    }
}