{
    "root_group": {
        "name": "",
        "path": "",
        "id": "d41d8cd98f00b204e9800998ecf8427e",
        "groups": {},
        "checks": {
                "redirect 301/302": {
                    "path": "::redirect 301/302",
                    "id": "2359d9a578d845d82aecf24825521ebb",
                    "passes": 6000,
                    "fails": 0,
                    "name": "redirect 301/302"
                },
                "has Location": {
                    "name": "has Location",
                    "path": "::has Location",
                    "id": "ca3a9f03d8b94b8fc8cefe9d385db707",
                    "passes": 6000,
                    "fails": 0
                }
            }
    },
    "metrics": {
        "data_received": {
            "count": 2515428,
            "rate": 83702.0777327476
        },
        "data_sent": {
            "rate": 13774.917950628915,
            "count": 413966
        },
        "iteration_duration": {
            "p(95)": 63.88755385,
            "avg": 59.636859532666584,
            "min": 51.414485,
            "med": 58.301473,
            "max": 262.250412,
            "p(90)": 62.1204039
        },
        "vus": {
            "value": 11,
            "min": 11,
            "max": 14
        },
        "http_req_duration": {
            "med": 57.0117105,
            "max": 261.020414,
            "p(90)": 60.5631276,
            "p(95)": 61.955740500000005,
            "avg": 57.83699181550027,
            "min": 50.120826,
            "thresholds": {
                "p(95)<150": false,
                "p(99)<300": false
            }
        },
        "http_req_connecting": {
            "avg": 0.04399999833333334,
            "min": 0,
            "med": 0,
            "max": 6.419185,
            "p(90)": 0,
            "p(95)": 0
        },
        "vus_max": {
            "value": 100,
            "min": 100,
            "max": 100
        },
        "http_req_waiting": {
            "avg": 57.76073745783343,
            "min": 50.060163,
            "med": 56.938143499999995,
            "max": 260.950654,
            "p(90)": 60.488663800000005,
            "p(95)": 61.876141049999994
        },
        "checks": {
            "passes": 12000,
            "fails": 0,
            "value": 1
        },
        "iterations": {
            "count": 6000,
            "rate": 199.6528886521441
        },
        "http_req_receiving": {
            "avg": 0.036738727999999984,
            "min": 0.019597,
            "med": 0.033322,
            "max": 0.246774,
            "p(90)": 0.051641800000000015,
            "p(95)": 0.060644
        },
        "http_req_sending": {
            "avg": 0.03951562966666661,
            "min": 0.02111,
            "med": 0.03747,
            "max": 0.234135,
            "p(90)": 0.052311900000000015,
            "p(95)": 0.05917505000000002
        },
        "http_req_duration{expected_response:true}": {
            "max": 261.020414,
            "p(90)": 60.5631276,
            "p(95)": 61.955740500000005,
            "avg": 57.83699181550027,
            "min": 50.120826,
            "med": 57.0117105
        },
        "http_req_blocked": {
            "avg": 0.42341806683332756,
            "min": 0.000191,
            "med": 0.000291,
            "max": 131.057332,
            "p(90)": 0.000401,
            "p(95)": 0.000491
        },
        "http_req_failed": {
            "passes": 0,
            "fails": 6000,
            "thresholds": {
                "rate<0.01": false
            },
            "value": 0
        },
        "http_req_tls_handshaking": {
            "p(90)": 0,
            "p(95)": 0,
            "avg": 0.19276711566666674,
            "min": 0,
            "med": 0,
            "max": 31.634802
        },
        "http_reqs": {
            "count": 6000,
            "rate": 199.6528886521441
        }
    }
}