{
    "root_group": {
        "groups": {},
        "checks": {
                "redirect 301/302": {
                    "name": "redirect 301/302",
                    "path": "::redirect 301/302",
                    "id": "2359d9a578d845d82aecf24825521ebb",
                    "passes": 6000,
                    "fails": 0
                },
                "has Location": {
                    "name": "has Location",
                    "path": "::has Location",
                    "id": "ca3a9f03d8b94b8fc8cefe9d385db707",
                    "passes": 6000,
                    "fails": 0
                }
            },
        "name": "",
        "path": "",
        "id": "d41d8cd98f00b204e9800998ecf8427e"
    },
    "metrics": {
        "http_reqs": {
            "count": 6000,
            "rate": 199.79754407634064
        },
        "http_req_blocked": {
            "avg": 0.3507383899999902,
            "min": 0.00017,
            "med": 0.000291,
            "max": 103.933537,
            "p(90)": 0.000391,
            "p(95)": 0.0004500500000000002
        },
        "http_req_sending": {
            "avg": 0.037985706666666556,
            "min": 0.022742,
            "med": 0.0364835,
            "max": 0.444969,
            "p(90)": 0.049003,
            "p(95)": 0.05507445
        },
        "vus_max": {
            "value": 100,
            "min": 100,
            "max": 100
        },
        "data_received": {
            "count": 2520976,
            "rate": 83947.46891256615
        },
        "vus": {
            "max": 8,
            "value": 7,
            "min": 6
        },
        "http_req_duration": {
            "avg": 36.84271941816667,
            "min": 26.17769,
            "med": 35.5910585,
            "max": 308.277056,
            "p(90)": 40.081408,
            "p(95)": 42.220440950000004,
            "thresholds": {
                "p(95)<150": false,
                "p(99)<300": false
            }
        },
        "http_req_connecting": {
            "avg": 0.04168734183333334,
            "min": 0,
            "med": 0,
            "max": 5.111757,
            "p(90)": 0,
            "p(95)": 0
        },
        "http_req_duration{expected_response:true}": {
            "avg": 36.84271941816667,
            "min": 26.17769,
            "med": 35.5910585,
            "max": 308.277056,
            "p(90)": 40.081408,
            "p(95)": 42.220440950000004
        },
        "http_req_tls_handshaking": {
            "avg": 0.17915716383333335,
            "min": 0,
            "med": 0,
            "max": 25.439091,
            "p(90)": 0,
            "p(95)": 0
        },
        "http_req_failed": {
            "passes": 0,
            "fails": 6000,
            "thresholds": {
                "rate<0.01": false
            },
            "value": 0
        },
        "iteration_duration": {
            "max": 309.49495,
            "p(90)": 41.5631586,
            "p(95)": 44.093317549999995,
            "avg": 38.575682091333334,
            "min": 27.982972,
            "med": 36.925152999999995
        },
        "http_req_waiting": {
            "med": 35.518026000000006,
            "max": 308.212245,
            "p(90)": 40.004186700000005,
            "p(95)": 42.159345550000005,
            "avg": 36.77116981800003,
            "min": 26.116906
        },
        "checks": {
            "passes": 12000,
            "fails": 0,
            "value": 1
        },
        "iterations": {
            "count": 6000,
            "rate": 199.79754407634064
        },
        "http_req_receiving": {
            "min": 0.018915,
            "med": 0.0308575,
            "max": 0.214836,
            "p(90)": 0.04625350000000001,
            "p(95)": 0.053618200000000005,
            "avg": 0.03356389350000007
        },
        "data_sent": {
            "count": 413749,
            "rate": 13777.672344006976
        }
    }
}