{
    "metrics": {
        "http_req_blocked": {
            "max": 122.042036,
            "p(90)": 0.000391,
            "p(95)": 0.000461,
            "p(99)": 11.446317,
            "avg": 0.4089518761872947,
            "min": 0.00019,
            "med": 0.000291
        },
        "http_req_duration": {
            "p(90)": 47.26362,
            "p(95)": 48.438401,
            "p(99)": 59.501631,
            "avg": 44.97228504599229,
            "min": 38.369022,
            "med": 44.240417,
            "max": 155.486237,
            "thresholds": {
                "p(95)<150": false,
                "p(99)<300": false
            }
        },
        "http_req_waiting": {
            "p(95)": 48.353022,
            "p(99)": 59.427312,
            "avg": 44.89052308215292,
            "min": 38.296606,
            "med": 44.15681,
            "max": 155.360433,
            "p(90)": 47.184111
        },
        "http_req_receiving": {
            "med": 0.036658,
            "max": 0.636976,
            "p(90)": 0.055362,
            "p(95)": 0.062595,
            "p(99)": 0.077775,
            "avg": 0.03968659656723883,
            "min": 0.020618
        },
        "http_req_failed": {
            "passes": 0,
            "fails": 6001,
            "thresholds": {
                "rate<0.01": false
            },
            "value": 0
        },
        "http_req_connecting": {
            "avg": 0.04672308281953007,
            "min": 0,
            "med": 0,
            "max": 6.721054,
            "p(90)": 0,
            "p(95)": 0,
            "p(99)": 2.445074
        },
        "data_sent": {
            "count": 413827,
            "rate": 13773.493497445592
        },
        "vus": {
            "max": 10,
            "value": 9,
            "min": 8
        },
        "iterations": {
            "count": 6001,
            "rate": 199.7325802283829
        },
        "http_req_duration{expected_response:true}": {
            "p(95)": 48.438401,
            "p(99)": 59.501631,
            "avg": 44.97228504599229,
            "min": 38.369022,
            "med": 44.240417,
            "max": 155.486237,
            "p(90)": 47.26362
        },
        "http_req_tls_handshaking": {
            "avg": 0.18331017863689383,
            "min": 0,
            "med": 0,
            "max": 26.326924,
            "p(90)": 0,
            "p(95)": 0,
            "p(99)": 8.571217
        },
        "data_received": {
            "count": 2507459,
            "rate": 83456.29993115825
        },
        "http_req_sending": {
            "p(90)": 0.056004,
            "p(95)": 0.063017,
            "p(99)": 0.083145,
            "avg": 0.04207536727212139,
            "min": 0.022963,
            "med": 0.040275,
            "max": 0.279862
        },
        "checks": {
            "passes": 12002,
            "fails": 0,
            "value": 1
        },
        "iteration_duration": {
            "p(90)": 48.793666,
            "p(95)": 50.101968,
            "p(99)": 68.088071,
            "avg": 46.75689915297451,
            "min": 39.550039,
            "med": 45.536643,
            "max": 253.600075
        },
        "vus_max": {
            "value": 100,
            "min": 100,
            "max": 100
        },
        "http_reqs": {
            "count": 6001,
            "rate": 199.7325802283829
        }
    },
    "root_group": {
        "path": "",
        "id": "d41d8cd98f00b204e9800998ecf8427e",
        "groups": {},
        "checks": {
                "redirect 301/302": {
                    "name": "redirect 301/302",
                    "path": "::redirect 301/302",
                    "id": "2359d9a578d845d82aecf24825521ebb",
                    "passes": 6001,
                    "fails": 0
                },
                "has Location": {
                    "name": "has Location",
                    "path": "::has Location",
                    "id": "ca3a9f03d8b94b8fc8cefe9d385db707",
                    "passes": 6001,
                    "fails": 0
                }
            },
        "name": ""
    }
}