{
    "root_group": {
        "groups": {},
        "checks": {
                "redirect 301/302": {
                    "name": "redirect 301/302",
                    "path": "::redirect 301/302",
                    "id": "2359d9a578d845d82aecf24825521ebb",
                    "passes": 6001,
                    "fails": 0
                },
                "has Location": {
                    "name": "has Location",
                    "path": "::has Location",
                    "id": "ca3a9f03d8b94b8fc8cefe9d385db707",
                    "passes": 6001,
                    "fails": 0
                }
            },
        "name": "",
        "path": "",
        "id": "d41d8cd98f00b204e9800998ecf8427e"
    },
    "metrics": {
        "data_sent": {
            "count": 413606,
            "rate": 13744.580200719622
        },
        "http_req_receiving": {
            "max": 0.407462,
            "p(90)": 0.044458,
            "p(95)": 0.052247,
            "avg": 0.03286452491251466,
            "min": 0.016701,
            "med": 0.030187
        },
        "vus": {
            "value": 18,
            "min": 17,
            "max": 27
        },
        "checks": {
            "passes": 12002,
            "fails": 0,
            "value": 1
        },
        "http_req_duration{expected_response:true}": {
            "p(90)": 92.75781,
            "p(95)": 93.966489,
            "avg": 91.1359287053826,
            "min": 84.181016,
            "med": 89.700613,
            "max": 270.762572
        },
        "data_received": {
            "count": 2506667,
            "rate": 83299.2887385513
        },
        "vus_max": {
            "value": 100,
            "min": 100,
            "max": 100
        },
        "http_req_sending": {
            "avg": 0.03663898033661058,
            "min": 0.021951,
            "med": 0.035557,
            "max": 0.213069,
            "p(90)": 0.047188,
            "p(95)": 0.052878
        },
        "iterations": {
            "count": 6001,
            "rate": 199.41979996547065
        },
        "http_req_failed": {
            "passes": 0,
            "fails": 6001,
            "thresholds": {
                "rate<0.01": false
            },
            "value": 0
        },
        "http_reqs": {
            "count": 6001,
            "rate": 199.41979996547065
        },
        "http_req_waiting": {
            "avg": 91.06642520013322,
            "min": 84.114722,
            "med": 89.626358,
            "max": 270.689955,
            "p(90)": 92.685997,
            "p(95)": 93.891958
        },
        "iteration_duration": {
            "med": 91.082379,
            "max": 272.953188,
            "p(90)": 94.389549,
            "p(95)": 95.77254,
            "avg": 92.670318859857,
            "min": 85.302633
        },
        "http_req_connecting": {
            "max": 4.987891,
            "p(90)": 0,
            "p(95)": 0,
            "avg": 0.03748416363939343,
            "min": 0,
            "med": 0
        },
        "http_req_tls_handshaking": {
            "avg": 0.13047239493417753,
            "min": 0,
            "med": 0,
            "max": 15.074932,
            "p(90)": 0,
            "p(95)": 0
        },
        "http_req_duration": {
            "avg": 91.1359287053826,
            "min": 84.181016,
            "med": 89.700613,
            "max": 270.762572,
            "p(90)": 92.75781,
            "p(95)": 93.966489,
            "thresholds": {
                "p(95)<150": false,
                "p(99)<300": false
            }
        },
        "http_req_blocked": {
            "avg": 0.18332941726379884,
            "min": 0.000171,
            "med": 0.00028,
            "max": 41.268923,
            "p(90)": 0.00038,
            "p(95)": 0.000441
        }
    }
}