{
    "metrics": {
        "vus": {
            "value": 10,
            "min": 8,
            "max": 11
        },
        "http_req_failed": {
            "passes": 0,
            "fails": 6001,
            "thresholds": {
                "rate<0.01": false
            },
            "value": 0
        },
        "data_sent": {
            "count": 413894,
            "rate": 13773.507215403471
        },
        "http_req_blocked": {
            "p(99)": 11.87103,
            "avg": 0.3530158456923777,
            "min": 0.000141,
            "med": 0.00026,
            "max": 102.500038,
            "p(90)": 0.000371,
            "p(95)": 0.000431
        },
        "http_req_sending": {
            "avg": 0.04191788151974675,
            "min": 0.022374,
            "med": 0.03948,
            "max": 0.186723,
            "p(90)": 0.055915,
            "p(95)": 0.063186,
            "p(99)": 0.083465
        },
        "iterations": {
            "count": 6001,
            "rate": 199.7004469734672
        },
        "vus_max": {
            "value": 100,
            "min": 100,
            "max": 100
        },
        "http_req_duration{expected_response:true}": {
            "avg": 46.80989898733543,
            "min": 37.243219,
            "med": 46.134904,
            "max": 258.884728,
            "p(90)": 50.11433,
            "p(95)": 51.866273,
            "p(99)": 60.763642
        },
        "http_req_receiving": {
            "min": 0.017992,
            "med": 0.034822,
            "max": 0.436681,
            "p(90)": 0.050496,
            "p(95)": 0.056377,
            "p(99)": 0.070597,
            "avg": 0.03740858740209964
        },
        "checks": {
            "passes": 12002,
            "fails": 0,
            "value": 1
        },
        "http_req_connecting": {
            "avg": 0.07178862172971169,
            "min": 0,
            "med": 0,
            "max": 19.323592,
            "p(90)": 0,
            "p(95)": 0,
            "p(99)": 2.669768
        },
        "http_req_tls_handshaking": {
            "max": 20.574626,
            "p(90)": 0,
            "p(95)": 0,
            "p(99)": 8.715303,
            "avg": 0.16673469255124138,
            "min": 0,
            "med": 0
        },
        "data_received": {
            "rate": 83694.48727665548,
            "count": 2515020
        },
        "http_reqs": {
            "rate": 199.7004469734672,
            "count": 6001
        },
        "http_req_duration": {
            "p(90)": 50.11433,
            "p(95)": 51.866273,
            "p(99)": 60.763642,
            "avg": 46.80989898733543,
            "min": 37.243219,
            "med": 46.134904,
            "max": 258.884728,
            "thresholds": {
                "p(95)<150": false,
                "p(99)<300": false
            }
        },
        "http_req_waiting": {
            "max": 258.807512,
            "p(90)": 50.019412,
            "p(95)": 51.800274,
            "p(99)": 60.704402,
            "avg": 46.73057251841355,
            "min": 37.161575,
            "med": 46.059128
        },
        "iteration_duration": {
            "p(90)": 51.72383,
            "p(95)": 53.899618,
            "p(99)": 70.416701,
            "avg": 48.51245553007844,
            "min": 38.467263,
            "med": 47.438608,
            "max": 260.03537
        }
    },
    "root_group": {
        "groups": {},
        "checks": {
                "redirect 301/302": {
                    "name": "redirect 301/302",
                    "path": "::redirect 301/302",
                    "id": "2359d9a578d845d82aecf24825521ebb",
                    "passes": 6001,
                    "fails": 0
                },
                "has Location": {
                    "passes": 6001,
                    "fails": 0,
                    "name": "has Location",
                    "path": "::has Location",
                    "id": "ca3a9f03d8b94b8fc8cefe9d385db707"
                }
            },
        "name": "",
        "path": "",
        "id": "d41d8cd98f00b204e9800998ecf8427e"
    }
}